year,month,cpi,gas,electricity,food,shelter,transportation,medical_care,unemployment_rate,employment_pop_ratio,pres_political_party,cci,crude_oil,cause
1978,11,67.7,0.695,0.046,74.7,63.3,66,63.9,5.9,59.8,democrat,98.41457,0,fed raised and lowered rates
1978,12,68.1,0.705,0.046,75.1,63.5,66.4,64.1,6,59.8,democrat,98.03396,0,
1979,1,68.7,0.716,0.046,76.4,64,66.7,65,5.9,59.9,democrat,98.00642,0,"iran-iraq war, fed rate 20%"
1979,2,69.5,0.73,0.047,77.7,64.9,67,65.5,5.9,60.1,democrat,97.98978,0,
1979,3,70.3,0.755,0.047,78.4,65.5,67.4,65.9,5.8,60,democrat,97.7821,0,
1979,4,71.1,0.802,0.048,79,66.3,67.9,66.2,5.8,59.8,democrat,97.56898,0,
1979,5,71.9,0.844,0.049,79.7,67.1,68.4,66.5,5.6,59.8,democrat,97.42661,0,
1979,6,72.8,0.901,0.052,80,68,68.8,66.9,5.7,59.9,democrat,97.2275,0,
1979,7,73.7,0.949,0.053,80.5,69,69.4,67.5,5.7,60,democrat,97.0518,0,
1979,8,74.4,0.988,0.053,80.4,70.1,70.1,68.1,6,59.8,democrat,97.09181,0,
1979,9,75.1,1.02,0.053,80.9,71.1,70.7,68.6,5.9,60,democrat,97.13593,0,
1979,10,75.7,1.028,0.053,81.5,72.3,71.3,69.2,6,59.9,democrat,97.05383,0,
1979,11,76.4,1.041,0.051,82,73.5,72.3,69.8,5.9,60,democrat,97.03422,0,
1979,12,77.2,1.065,0.052,82.8,74.6,73.2,70.6,6,60.1,democrat,97.07761,0,
1980,1,78.3,1.131,0.053,83.3,75.9,74.1,71.5,6.3,60,democrat,97.16972,0,iran oil embargo
1980,2,79.4,1.207,0.055,83.4,76.8,74.9,72.6,6.3,60,democrat,96.94333,0,
1980,3,80.5,1.252,0.056,84.1,78.1,76.1,73.3,6.3,59.7,democrat,96.35494,0,
1980,4,81.4,1.264,0.056,84.7,79.3,77.7,73.8,6.9,59.4,democrat,95.89824,0,
1980,5,82.3,1.266,0.058,85.2,80.5,78.8,74.2,7.5,59.1,democrat,95.86026,0,
1980,6,83.2,1.269,0.063,85.7,82.3,79.1,74.5,7.6,58.9,democrat,96.29127,0,
1980,7,83.3,1.271,0.064,86.6,81.3,79.6,75.1,7.8,58.8,democrat,96.91462,0,
1980,8,83.8,1.267,0.064,88,81.4,80.5,75.6,7.7,58.8,democrat,97.59252,0,
1980,9,84.6,1.257,0.065,89.1,82,81.4,76.2,7.5,58.9,democrat,98.16382,0,
1980,10,85.3,1.25,0.063,89.8,83.4,81.9,76.8,7.5,58.9,democrat,98.40665,0,
1980,11,86.1,1.25,0.061,90.8,84.7,82.7,77.3,7.5,59,democrat,98.28699,0,
1980,12,86.9,1.258,0.062,91.3,85.8,83.6,77.6,7.2,59,democrat,97.88239,0,
1981,1,87.5,1.298,0.063,91.6,86.3,84.5,78.7,7.5,59.1,democrat,97.71937,0,Reagan cut taxes
1981,2,88.5,1.382,0.064,92.1,86.3,85,79.6,7.4,59.2,republican,97.61518,0,
1981,3,89,1.417,0.065,92.6,86.7,85.6,80.2,7.4,59.4,republican,97.72472,0,
1981,4,89.6,1.412,0.066,92.8,87.3,86.3,80.8,7.2,59.6,republican,98.06828,0,
1981,5,90.3,1.4,0.067,92.8,88.6,87,81.4,7.5,59.5,republican,98.37076,0,
1981,6,91.1,1.391,0.071,93.2,89.9,88,82.1,7.5,59,republican,98.47387,0,
1981,7,92.2,1.382,0.073,93.9,91.5,89.8,83.2,7.2,59.1,republican,98.53336,0,
1981,8,92.8,1.376,0.075,94.4,92.5,90,84.3,7.4,59.1,republican,98.50589,0,
1981,9,93.7,1.376,0.074,94.8,93.9,90.6,84.9,7.6,58.7,republican,98.21767,0,
1981,10,93.9,1.371,0.072,95,93.8,91.7,85.8,7.9,58.8,republican,97.78909,0,
1981,11,94.1,1.369,0.071,95.1,94,92.4,86.8,8.3,58.6,republican,97.39766,0,
1981,12,94.4,1.365,0.071,95.3,94.3,92.8,87.3,8.5,58.2,republican,97.34789,0,
1982,1,94.7,1.358,0.073,95.6,94.4,93.5,88.2,8.6,58.2,republican,97.46358,0,recession ends inflation
1982,2,95,1.334,0.073,96.3,94.7,93.9,89,8.9,58.2,republican,97.36807,0,
1982,3,94.8,1.284,0.075,96.2,94.2,94.3,89.8,9,58.1,republican,97.22696,0,
1982,4,95.2,1.225,0.075,96.4,95.3,94.8,90.6,9.3,57.9,republican,97.26707,0,
1982,5,96.2,1.237,0.075,97.2,96.8,95.1,91.2,9.4,58.2,republican,97.34109,0,
1982,6,97.4,1.309,0.079,98.1,98,96.2,91.9,9.6,57.8,republican,97.33589,0,
1982,7,98,1.331,0.079,98.2,98.5,97,92.9,9.8,57.7,republican,97.35464,0,
1982,8,98.2,1.323,0.079,98,98.9,97.2,93.8,9.8,57.8,republican,97.49146,0,
1982,9,98.3,1.307,0.079,98.2,98.4,97.5,94.6,10.1,57.6,republican,97.77422,0,
1982,10,98.6,1.295,0.077,98.2,98.4,98.1,95.4,10.4,57.4,republican,98.02775,0,
1982,11,98.4,1.283,0.074,98.2,97.9,97.9,96.3,10.8,57.3,republican,98.09064,0,
1982,12,98,1.26,0.075,98.2,96.5,97.7,96.9,10.8,57.2,republican,98.08698,0,
1983,1,98.1,1.23,0.075,98.1,97.2,98,97.9,10.4,57.2,republican,98.19695,0,
1983,2,98.1,1.187,0.075,98.2,97.5,97.9,98.9,10.4,57.1,republican,98.63478,0,
1983,3,98.4,1.152,0.076,98.8,97.6,97.9,99.2,10.3,57.1,republican,99.34673,0,
1983,4,99,1.215,0.075,99.2,98.4,98.2,99.5,10.2,57.3,republican,100.1112,0,
1983,5,99.5,1.259,0.077,99.5,98.7,98.3,99.7,10.1,57.3,republican,100.6211,0,
1983,6,99.8,1.277,0.081,99.6,99,98.4,100.1,10.1,57.8,republican,100.7827,0,
1983,7,100.1,1.288,0.082,99.6,99.4,98.7,100.7,9.4,58.1,republican,100.7435,0,
1983,8,100.5,1.285,0.082,99.7,99.6,99.2,101.4,9.5,58.2,republican,100.5901,0,
1983,9,101,1.274,0.082,100,100.1,99.7,101.7,9.2,58.4,republican,100.4638,0,
1983,10,101.2,1.255,0.08,100.3,100.3,100.5,102.2,8.8,58.4,republican,100.4711,0,
1983,11,101.2,1.241,0.077,100.3,100.7,101.2,102.7,8.5,58.7,republican,100.6817,0,
1983,12,101.2,1.231,0.077,100.6,101.1,101.4,103.1,8.3,58.8,republican,101.0443,0,
1984,1,101.6,1.216,0.078,102,101.4,102.5,104,8,58.8,republican,101.4067,0,
1984,2,101.8,1.209,0.079,102.7,101.8,102.6,105.1,7.8,59.1,republican,101.5499,0,
1984,3,101.8,1.21,0.079,102.9,102.3,102.9,105.4,7.8,59.1,republican,101.5822,0,
1984,4,102.1,1.227,0.08,102.9,103,103.1,105.8,7.7,59.3,republican,101.4494,0,
1984,5,102.5,1.236,0.081,102.7,103.2,103.7,106.1,7.4,59.7,republican,101.3644,0,
1984,6,102.8,1.229,0.086,103.1,103.6,104.3,106.4,7.2,59.9,republican,101.3116,0,
1984,7,103.2,1.212,0.087,103.3,104.3,104.9,107.1,7.5,59.8,republican,101.3888,0,
1984,8,104.2,1.196,0.089,103.9,104.7,105.7,107.5,7.5,59.6,republican,101.5262,0,
1984,9,104.8,1.203,0.084,103.8,105.1,105.9,107.9,7.3,59.7,republican,101.5508,0,
1984,10,104.8,1.209,0.081,104,105.5,106.9,108.5,7.4,59.7,republican,101.3687,0,
1984,11,104.7,1.207,0.079,104.1,105.8,107.4,109.1,7.2,59.8,republican,101.1715,0,
1984,12,104.8,1.193,0.078,104.5,106.4,107.7,109.4,7.3,59.9,republican,101.0289,0,
1985,1,104.9,1.148,0.079,104.7,106.7,108,110.1,7.3,59.9,republican,101.0091,0,
1985,2,105.4,1.131,0.079,105.2,107.4,108.3,110.9,7.2,60,republican,100.9626,0,
1985,3,105.9,1.159,0.079,105.5,107.8,108.7,111.6,7.2,60.2,republican,100.9393,0,
1985,4,106.3,1.205,0.08,105.4,108.1,109,112.1,7.3,60.1,republican,100.9404,0,
1985,5,106.7,1.231,0.08,105.2,109.2,109.3,112.5,7.2,60.1,republican,100.9415,0,
1985,6,107,1.241,0.085,105.5,109.6,109.6,113.1,7.4,59.8,republican,101.0069,0,
1985,7,107.1,1.242,0.085,105.5,110.1,110,113.7,7.4,59.9,republican,100.9296,0,
1985,8,107.3,1.229,0.085,105.6,110.8,110.4,114.5,7.1,60,republican,100.7685,0,
1985,9,107.6,1.216,0.082,105.8,111,110.5,115,7.1,60.3,republican,100.6048,0,
1985,10,107.9,1.204,0.081,105.8,111.5,111.3,115.6,7.1,60.3,republican,100.4984,0,
1985,11,108.3,1.207,0.08,106.5,112.3,112.2,116.3,7,60.4,republican,100.6135,0,
1985,12,108.6,1.208,0.08,107.3,112.7,112.7,116.8,7,60.4,republican,100.8505,0,
1986,1,108.9,1.194,0.081,107.5,113.2,113.5,117.7,6.7,60.6,republican,101.0514,22.93,
1986,2,108.5,1.12,0.075,107.3,113.5,114.3,118.9,7.2,60.3,republican,101.1472,15.46,
1986,3,107.9,0.981,0.075,107.5,114.3,114.9,119.9,7.2,60.5,republican,101.1743,12.61,
1986,4,107.6,0.888,0.074,107.7,115,115.2,120.5,7.1,60.5,republican,101.2181,12.84,
1986,5,107.9,0.923,0.074,108.2,115.2,115.4,121,7.2,60.5,republican,101.2822,15.38,
1986,6,108.4,0.955,0.08,108.3,115.6,116.1,121.6,7.2,60.7,republican,101.3866,13.43,
1986,7,108.4,0.89,0.08,109.1,115.9,116.7,122.4,7,60.8,republican,101.3234,11.59,
1986,8,108.6,0.843,0.08,110.1,116.3,117,123.2,6.9,60.8,republican,101.1294,15.1,
1986,9,109.1,0.86,0.08,110.2,116.9,116.8,123.8,7,60.8,republican,100.9442,14.87,
1986,10,109.1,0.831,0.074,110.5,117.5,117.6,124.5,7,60.9,republican,100.8453,14.9,
1986,11,109.2,0.821,0.073,111.1,117.8,118.5,125.2,6.9,60.9,republican,100.6494,15.22,
1986,12,109.3,0.823,0.073,111.4,118.1,119.3,125.8,6.6,61,republican,100.4849,16.11,
1987,1,110,0.862,0.075,111.8,118.6,119.8,126.6,6.6,61,republican,100.4501,18.65,OPEC added to supply
1987,2,110.5,0.905,0.076,112.2,119.1,119.9,127.4,6.6,61.1,republican,100.4828,17.75,
1987,3,111,0.912,0.076,112.4,119.5,120.3,128.1,6.6,61.2,republican,100.5615,18.3,
1987,4,111.6,0.934,0.076,112.6,120.3,120.9,128.7,6.3,61.3,republican,100.6476,18.68,
1987,5,111.9,0.941,0.076,113.2,120.7,121.1,129.2,6.3,61.6,republican,100.6832,19.44,
1987,6,112.4,0.958,0.084,113.9,121,121.4,129.9,6.2,61.4,republican,100.7611,20.07,
1987,7,112.7,0.971,0.084,113.7,121.1,121.8,130.7,6.1,61.6,republican,100.872,21.34,
1987,8,113.3,0.995,0.085,113.9,121.9,122.3,131.2,6,61.8,republican,100.8771,20.31,
1987,9,113.8,0.99,0.084,114.3,122.4,123.1,131.7,5.9,61.6,republican,100.6794,19.53,
1987,10,114.1,0.976,0.078,114.5,123.1,123.4,132.3,6,61.8,republican,100.3083,19.86,
1987,11,114.3,0.976,0.077,114.5,123.4,124,132.8,5.8,61.9,republican,100.0149,18.85,
1987,12,114.2,0.961,0.077,115.1,124.1,124.3,133.1,5.7,62,republican,100.0918,17.28,
1988,1,114.5,0.933,0.078,115.6,124.6,124.6,134.4,5.7,62,republican,100.3731,17.13,
1988,2,114.7,0.913,0.078,115.6,125.1,124.8,135.5,5.7,62.1,republican,100.6304,16.8,
1988,3,115.1,0.904,0.078,115.8,125.5,125.3,136.3,5.7,61.9,republican,100.8047,16.2,
1988,4,115.7,0.93,0.077,116.4,126,125.9,136.9,5.4,62.2,republican,100.8515,17.86,
1988,5,116.2,0.955,0.077,116.9,126.3,126.9,137.5,5.6,62,republican,100.9506,17.42,
1988,6,116.7,0.955,0.084,117.6,126.8,127.7,138.2,5.4,62.3,republican,101.0236,16.53,
1988,7,117.2,0.967,0.084,118.8,127.2,128.3,139.3,5.4,62.3,republican,101.0963,15.5,
1988,8,117.7,0.987,0.084,119.4,127.8,129.2,139.9,5.6,62.4,republican,101.2128,15.52,
1988,9,118.5,0.974,0.084,120.1,128.3,130,140.4,5.4,62.4,republican,101.1964,14.54,
1988,10,118.9,0.957,0.08,120.3,128.6,130.6,141.2,5.4,62.5,republican,101.0452,13.77,
1988,11,119,0.949,0.078,120.5,129.2,131.2,141.8,5.3,62.7,republican,100.9357,14.14,
1988,12,119.2,0.93,0.078,121.1,129.6,131.8,142.3,5.3,62.6,republican,100.9644,16.38,
1989,1,119.7,0.918,0.079,121.6,129.8,132.3,143.8,5.4,62.9,republican,101.116,18.02,
1989,2,120.2,0.926,0.079,122.5,130.4,132.9,145.2,5.2,62.9,republican,101.0943,17.94,
1989,3,120.8,0.94,0.079,123.2,131,133.7,146.1,5,62.9,republican,100.9385,19.48,
1989,4,121.8,1.065,0.079,123.9,131.4,134.4,146.8,5.2,62.9,republican,100.7255,21.07,
1989,5,122.5,1.119,0.08,124.7,132,135.3,147.5,5.2,62.9,republican,100.5841,20.12,
1989,6,122.8,1.114,0.086,125.1,132.4,136,148.5,5.3,63,republican,100.5495,20.05,
1989,7,123.2,1.092,0.086,125.6,133.2,136.1,149.7,5.2,63,republican,100.6023,19.78,
1989,8,123.2,1.057,0.086,125.9,133.7,136.6,150.7,5.2,63.1,republican,100.6903,18.58,
1989,9,123.6,1.029,0.086,126.3,133.9,137,151.7,5.3,62.8,republican,100.8552,19.59,
1989,10,124.2,1.027,0.081,126.8,134.8,137.6,152.7,5.3,62.9,republican,100.8366,20.1,
1989,11,124.4,0.999,0.08,127.4,135.4,137.6,153.9,5.4,63,republican,100.7019,19.86,
1989,12,124.6,0.98,0.081,127.8,136,138.1,154.4,5.4,63,republican,100.6215,21.1,
1990,1,125.9,1.042,0.081,129.7,136.3,139.2,155.9,5.4,63.2,republican,100.6187,22.86,gulf war
1990,2,126.4,1.037,0.081,130.8,136.6,140.1,157.5,5.3,63.2,republican,100.5991,22.11,
1990,3,127.1,1.023,0.081,131,137.6,141.1,158.7,5.2,63.2,republican,100.6739,20.39,
1990,4,127.3,1.044,0.082,130.8,138.2,142.3,159.8,5.4,63,republican,100.7308,18.43,
1990,5,127.5,1.061,0.082,131.1,138.6,142.6,160.8,5.4,63.1,republican,100.59,18.2,
1990,6,128.3,1.088,0.088,132.1,139.6,143.6,161.9,5.2,62.9,republican,100.2803,16.7,
1990,7,128.7,1.084,0.087,132.8,140.7,144.6,163.5,5.5,62.8,republican,99.75719,18.45,
1990,8,129.9,1.19,0.087,133.2,141.8,145.1,165,5.7,62.7,republican,98.91788,27.31,
1990,9,131.1,1.294,0.088,133.6,142.1,146.3,165.8,5.9,62.5,republican,98.11156,33.51,
1990,10,131.9,1.378,0.083,134.1,142.4,147.5,167.1,5.9,62.5,republican,97.46712,36.04,
1990,11,132.2,1.377,0.082,134.5,142.6,148.4,168.4,6.2,62.3,republican,97.23827,32.33,
1990,12,132.2,1.354,0.082,134.6,143.2,149.3,169.2,6.3,62.2,republican,97.30784,27.28,
1991,1,132.8,1.247,0.084,135,144.2,149.7,171,6.4,62,republican,97.68566,25.23,spr released oil
1991,2,132.8,1.143,0.084,135.1,144.5,150.3,172.5,6.6,61.9,republican,98.37493,20.48,
1991,3,133,1.082,0.085,135.3,144.8,150,173.7,6.8,61.8,republican,99.16093,19.9,
1991,4,133.3,1.104,0.084,136.1,145.2,149.1,174.4,6.7,62,republican,99.38293,20.83,
1991,5,133.8,1.156,0.085,136.6,145.6,149.7,175.2,6.9,61.6,republican,99.36444,21.23,
1991,6,134.1,1.16,0.09,137.4,145.9,150.7,176.2,6.9,61.7,republican,99.43532,20.19,
1991,7,134.3,1.127,0.091,136.7,146.4,151.3,177.5,6.8,61.6,republican,99.50196,21.4,
1991,8,134.6,1.14,0.09,136.2,146.7,152.4,178.9,6.9,61.5,republican,99.46319,21.69,
1991,9,135.2,1.143,0.091,136.4,147.2,152.7,179.7,6.9,61.6,republican,99.2461,21.89,
1991,10,135.4,1.122,0.087,136.2,147.7,152.2,180.7,7,61.5,republican,98.72954,23.23,
1991,11,135.8,1.134,0.084,136.7,148.2,152.6,181.8,7,61.4,republican,98.0893,22.46,
1991,12,135.9,1.123,0.085,137,148.9,153.3,182.6,7.3,61.2,republican,97.71261,19.5,
1992,1,136,1.073,0.085,136.6,149.4,153.5,184.3,7.3,61.5,republican,97.65975,18.79,
1992,2,136.4,1.054,0.084,137.1,149.6,153.5,186.2,7.4,61.3,republican,97.92551,19.01,
1992,3,137,1.058,0.086,137.6,150,154.3,187.3,7.4,61.5,republican,98.40232,18.92,
1992,4,137.3,1.079,0.086,137.5,150.2,155.5,188.1,7.4,61.6,republican,98.78111,20.23,
1992,5,137.6,1.136,0.087,137.2,150.6,155.4,188.7,7.6,61.5,republican,98.99677,20.98,
1992,6,138.1,1.179,0.092,137.6,151.1,154.7,189.4,7.8,61.5,republican,99.00312,22.39,
1992,7,138.4,1.174,0.092,137.4,151.4,155.5,190.7,7.7,61.6,republican,98.81349,21.78,
1992,8,138.8,1.158,0.091,138.4,151.7,155.5,191.5,7.6,61.6,republican,98.64806,21.34,
1992,9,139.1,1.158,0.092,138.9,151.8,155.4,192.3,7.6,61.4,republican,98.63668,21.88,
1992,10,139.6,1.154,0.088,138.9,152.5,157.5,193.3,7.3,61.3,republican,98.92029,21.69,
1992,11,139.8,1.159,0.086,138.7,152.9,158.3,194.3,7.4,61.4,republican,99.59818,20.34,
1992,12,139.8,1.136,0.088,138.8,153.2,158.7,194.7,7.4,61.4,republican,100.1498,19.41,
1993,1,140.3,1.117,0.089,139.1,153.8,159.7,196.4,7.3,61.4,republican,100.2942,19.03,
1993,2,140.7,1.108,0.087,139.6,154.1,160.8,198,7.1,61.4,democrat,100.1682,20.09,
1993,3,141.1,1.098,0.088,139.6,154.3,160.5,198.6,7,61.5,democrat,99.96499,20.32,
1993,4,141.6,1.112,0.088,140,155,161,199.4,7.1,61.5,democrat,99.71344,20.25,
1993,5,141.9,1.129,0.09,141,155.3,162.3,200.5,7.1,61.7,democrat,99.39211,19.95,
1993,6,142,1.13,0.094,140.6,155.8,162.6,201.1,7,61.8,democrat,99.14223,19.09,
1993,7,142.1,1.109,0.095,140.6,155.9,163.2,202.2,6.9,61.8,democrat,98.91006,17.89,
1993,8,142.4,1.097,0.097,141.1,156.2,163.9,202.9,6.8,62,democrat,98.85055,18.01,
1993,9,142.6,1.085,0.097,141.4,156.5,164,203.3,6.7,61.7,democrat,98.98296,17.5,
1993,10,143.3,1.127,0.093,142,156.9,164.4,204.4,6.8,61.8,democrat,99.28887,18.15,
1993,11,143.4,1.113,0.091,142.3,157.3,165.7,204.9,6.6,61.9,democrat,99.65664,16.61,
1993,12,143.3,1.07,0.09,142.8,157.8,166.4,205.2,6.5,62,democrat,100.1903,14.52,
1994,1,143.6,1.043,0.09,142.9,158.2,166.5,206.4,6.6,62.2,democrat,100.6499,15.03,nafta allowed cheap oil from mexico
1994,2,144,1.051,0.09,142.7,158.8,167,207.7,6.6,62.3,democrat,100.814,14.78,
1994,3,144.4,1.045,0.089,142.7,159.4,168.2,208.3,6.5,62.1,democrat,100.8023,14.68,
1994,4,144.7,1.064,0.088,143,159.5,168.2,209.2,6.4,62.3,democrat,100.7699,16.42,
1994,5,144.9,1.08,0.09,143.3,159.9,167.2,209.7,6.1,62.5,democrat,100.7017,17.89,
1994,6,145.4,1.106,0.095,143.8,160.1,168,210.4,6.1,62.3,democrat,100.5857,19.06,
1994,7,145.8,1.136,0.095,144.6,160.4,168.6,211.5,6.1,62.3,democrat,100.5065,19.66,
1994,8,146.5,1.182,0.096,145.1,161.2,169.4,212.2,6,62.6,democrat,100.5567,18.38,
1994,9,146.9,1.177,0.096,145.3,161.6,169.6,212.8,5.9,62.7,democrat,100.6339,17.45,
1994,10,147,1.152,0.093,145.3,162.1,169.5,214,5.8,62.9,democrat,100.7365,17.72,
1994,11,147.3,1.163,0.091,145.6,162.6,170.1,214.7,5.6,63,democrat,100.8613,18.07,
1994,12,147.2,1.143,0.091,146.8,162.5,170.8,215.3,5.5,63.1,democrat,101.0539,17.16,
1995,1,147.8,1.129,0.091,146.7,163.1,172.1,216.6,5.6,63,democrat,101.1435,18.04,
1995,2,148.3,1.12,0.091,147.3,163.5,172.9,217.9,5.4,63.1,democrat,100.9984,18.57,
1995,3,148.7,1.115,0.091,147.1,164,174.7,218.4,5.4,63.1,democrat,100.7571,18.54,
1995,4,149.3,1.14,0.09,148.1,164.5,176,218.9,5.8,63.1,democrat,100.6525,19.9,
1995,5,149.6,1.2,0.092,148.2,165.1,176,219.3,5.6,62.7,democrat,100.6387,19.74,
1995,6,149.9,1.226,0.098,148.3,165.5,177.2,219.8,5.6,62.7,democrat,100.7773,18.45,
1995,7,149.9,1.195,0.098,148.5,166,177,220.8,5.7,62.8,democrat,100.9054,17.33,
1995,8,150.2,1.164,0.098,148.6,166.3,176.5,221.6,5.7,62.8,democrat,100.8683,18.02,
1995,9,150.6,1.148,0.097,149.1,166.9,176.8,222.1,5.6,62.9,democrat,100.6097,18.23,
1995,10,151,1.127,0.094,149.5,167.4,177.7,222.9,5.5,62.9,democrat,100.4387,17.43,
1995,11,150.9,1.101,0.092,149.6,167.9,177.6,223.5,5.6,62.8,democrat,100.3538,17.99,
1995,12,150.9,1.101,0.091,149.9,168.2,176,223.8,5.6,62.7,democrat,100.38,19.03,
1996,1,151.7,1.129,0.091,150.4,168.7,176.7,225.2,5.6,62.7,democrat,100.3978,18.86,
1996,2,152.2,1.124,0.091,150.8,169.1,178,226.2,5.5,62.9,democrat,100.4754,19.09,
1996,3,152.9,1.162,0.092,151.4,169.6,177.6,226.6,5.5,63,democrat,100.6335,21.33,
1996,4,153.6,1.251,0.092,152,169.9,178.3,227,5.6,63,democrat,100.6647,23.5,
1996,5,154,1.323,0.092,151.9,170.4,179.3,227.4,5.6,63,democrat,100.6422,21.17,
1996,6,154.1,1.299,0.096,152.9,170.7,180.3,227.8,5.3,63.2,democrat,100.76,20.42,
1996,7,154.3,1.272,0.099,153.4,171.4,180.3,228.7,5.5,63.3,democrat,100.9331,21.3,
1996,8,154.5,1.24,0.099,153.9,171.8,181.2,229.2,5.1,63.3,democrat,101.0635,21.9,
1996,9,155.1,1.234,0.099,154.6,172.1,182.5,229.4,5.2,63.4,democrat,101.162,23.97,
1996,10,155.5,1.227,0.095,155.5,172.5,182.9,230.1,5.2,63.5,democrat,101.2947,24.88,
1996,11,155.9,1.25,0.092,156.1,173,183.5,230.5,5.4,63.4,democrat,101.4074,23.71,
1996,12,155.9,1.26,0.092,156.3,173.1,184.7,230.6,5.4,63.4,democrat,101.424,25.23,
1997,1,156.3,1.261,0.092,155.9,173.8,183.7,231.8,5.3,63.4,democrat,101.479,25.13,
1997,2,156.8,1.255,0.092,156.5,174.3,182.9,232.7,5.2,63.4,democrat,101.6069,22.18,
1997,3,157,1.235,0.093,156.6,174.6,184.1,233.4,5.2,63.6,democrat,101.751,20.97,
1997,4,157.2,1.231,0.092,156.5,175.1,184.7,233.8,5.1,63.7,democrat,101.9298,19.7,
1997,5,157.2,1.226,0.093,156.6,175.6,184.9,234.2,4.9,63.8,democrat,102.1318,20.82,
1997,6,157.4,1.229,0.099,156.9,176,184.9,234.4,5,63.7,democrat,102.3159,19.26,
1997,7,157.5,1.205,0.099,157.2,176.5,185.5,234.8,4.9,63.9,democrat,102.4397,19.66,
1997,8,157.8,1.253,0.098,157.7,177,184.8,235.2,4.8,63.9,democrat,102.4426,19.95,
1997,9,158.3,1.277,0.099,158,177.4,185.6,235.4,4.9,63.9,democrat,102.4544,19.8,
1997,10,158.5,1.242,0.093,158.3,177.9,186.7,235.8,4.7,63.9,democrat,102.4469,21.33,
1997,11,158.5,1.213,0.092,158.6,178.4,186,236.4,4.6,64.1,democrat,102.427,20.19,
1997,12,158.2,1.177,0.09,158.7,178.9,186.5,237.1,4.7,64,democrat,102.3926,18.33,
1998,1,158.4,1.131,0.086,159.5,179.4,187.4,238.1,4.6,64,democrat,102.5582,16.72,
1998,2,158.5,1.082,0.085,159.4,179.8,187.7,239.3,4.6,64,democrat,102.7353,16.06,
1998,3,158.7,1.041,0.085,159.7,180.3,187.9,239.8,4.7,64,democrat,102.7436,15.12,
1998,4,159.1,1.052,0.085,159.7,180.8,187.8,240.7,4.3,64.1,democrat,102.7203,15.35,
1998,5,159.5,1.092,0.086,160.3,181.4,187.6,241.4,4.4,64.1,democrat,102.6128,14.91,
1998,6,159.7,1.094,0.091,160.2,181.8,187.3,242,4.5,64,democrat,102.4837,13.72,
1998,7,159.8,1.079,0.091,160.6,182.1,187.6,242.7,4.5,64,democrat,102.336,14.17,
1998,8,160,1.052,0.09,161,182.8,188.1,243.5,4.5,63.9,democrat,102.1273,13.47,
1998,9,160.2,1.033,0.089,161.1,183.4,187.9,243.9,4.6,64.2,democrat,101.8663,15.03,
1998,10,160.6,1.042,0.086,162,184,188,244.3,4.5,64.1,democrat,101.7187,14.46,
1998,11,160.7,1.028,0.084,162.2,184.5,188.3,244.7,4.4,64.2,democrat,101.8201,13,
1998,12,160.7,0.986,0.084,162.4,185,188.8,245.2,4.4,64.3,democrat,101.9751,11.35,
1999,1,161,0.972,0.084,163,185.1,189.2,246.6,4.3,64.4,democrat,102.235,12.52,prices doubled
1999,2,161.1,0.955,0.084,163.3,185.3,189.1,247.7,4.4,64.2,democrat,102.4609,12.01,
1999,3,161.4,0.991,0.084,163.3,185.7,190,248.3,4.2,64.2,democrat,102.4991,14.68,
1999,4,162.7,1.177,0.084,163.5,186.3,190.5,249.1,4.3,64.2,democrat,102.4939,17.31,
1999,5,162.8,1.178,0.085,163.8,186.6,190.2,249.5,4.2,64.3,democrat,102.5412,17.72,
1999,6,162.8,1.148,0.089,163.7,187,189.4,250.2,4.3,64.2,democrat,102.5532,17.92,
1999,7,163.3,1.189,0.09,163.9,187.5,190.8,251.1,4.3,64.2,democrat,102.493,20.1,
1999,8,163.8,1.255,0.089,164.2,187.8,190.5,251.9,4.2,64.2,democrat,102.4262,21.28,
1999,9,164.7,1.28,0.09,164.6,188.4,190.5,252.3,4.2,64.2,democrat,102.4151,23.8,
1999,10,165,1.274,0.087,165,188.6,191.9,252.8,4.1,64.3,democrat,102.3927,22.69,
1999,11,165.1,1.264,0.085,165.3,189.2,192.8,253.3,4.1,64.4,democrat,102.5206,25,
1999,12,165.1,1.298,0.085,165.5,189.5,193.2,254.2,4,64.4,democrat,102.6981,26.1,
2000,1,165.6,1.301,0.084,165.6,190.6,193.4,255.5,4,64.6,democrat,102.9471,27.26,
2000,2,166.5,1.369,0.085,166.2,190.9,193.6,257,4.1,64.6,democrat,103.0042,29.37,
2000,3,167.9,1.541,0.085,166.5,191.6,194.4,258.1,4,64.6,democrat,102.9168,29.84,
2000,4,168,1.506,0.085,166.7,191.9,194.7,258.8,3.8,64.7,democrat,102.8968,25.72,
2000,5,168.2,1.498,0.085,167.3,192.4,195.5,259.4,4,64.4,democrat,102.8695,28.79,
2000,6,169.2,1.617,0.09,167.4,193.1,196,260.5,4,64.5,democrat,102.7628,31.82,
2000,7,169.4,1.593,0.091,168.3,193.6,196.1,261.4,4,64.2,democrat,102.7267,29.7,
2000,8,169.3,1.51,0.091,168.7,194.1,197.5,262.6,4.1,64.2,democrat,102.689,31.26,
2000,9,170.4,1.582,0.091,168.9,194.7,197.8,263.1,3.9,64.2,democrat,102.6352,33.88,
2000,10,170.6,1.559,0.088,169,195.3,197.2,263.7,3.9,64.2,democrat,102.5176,33.11,
2000,11,170.9,1.555,0.086,169.2,195.8,198.2,264.1,3.9,64.3,democrat,102.2451,34.42,
2000,12,170.7,1.489,0.086,170,196.1,198.7,264.8,3.9,64.4,democrat,101.6731,28.44,
2001,1,171.7,1.472,0.088,170.3,196.8,199.7,267.1,4.2,64.4,democrat,101.1063,29.59,recession and 9/11
2001,2,172.4,1.484,0.088,171.2,197.5,200.3,268.9,4.2,64.3,republican,100.6921,29.61,
2001,3,172.6,1.447,0.089,171.7,198.3,199.7,270,4.3,64.3,republican,100.5133,27.25,
2001,4,173.5,1.564,0.089,172.1,198.8,199.8,270.8,4.4,64,republican,100.4775,27.49,
2001,5,174.4,1.729,0.09,172.4,199.6,200.1,271.4,4.3,63.8,republican,100.6107,28.63,
2001,6,174.6,1.64,0.097,173.1,200.5,201.6,272.5,4.5,63.7,republican,100.6963,27.6,
2001,7,173.8,1.482,0.099,173.6,200.9,202,273.1,4.6,63.7,republican,100.6031,26.43,
2001,8,173.8,1.427,0.098,174,201.8,202.7,274.4,4.9,63.2,republican,100.2764,27.37,
2001,9,174.8,1.531,0.097,174.2,202,203.3,275,5,63.5,republican,99.8056,26.2,
2001,10,174,1.362,0.093,174.8,202.5,203.7,275.9,5.3,63.2,republican,99.63588,22.17,
2001,11,173.7,1.263,0.09,174.9,203.5,204.5,276.7,5.5,63,republican,99.79596,19.64,
2001,12,172.9,1.131,0.09,174.7,204.3,204.9,277.3,5.7,62.9,republican,100.1834,19.39,
2002,1,173.2,1.139,0.089,175.3,205.1,205.9,279.6,5.7,62.7,republican,100.558,19.72,afghanistan war
2002,2,173.7,1.13,0.089,175.7,206,206.7,281,5.7,63,republican,100.7824,20.72,
2002,3,174.7,1.241,0.089,176.1,206.3,207.3,282,5.7,62.8,republican,100.9853,24.53,
2002,4,175.8,1.407,0.088,176.4,207,208,283.2,5.9,62.7,republican,101.0425,26.18,
2002,5,175.8,1.421,0.089,175.8,207.4,208.7,284.1,5.8,62.9,republican,101.0143,27.04,
2002,6,175.9,1.404,0.095,175.9,207.8,208.6,284.7,5.8,62.7,republican,100.7426,25.52,
2002,7,176.1,1.412,0.095,176.1,208.2,208.8,286.6,5.8,62.7,republican,100.3789,26.97,
2002,8,176.6,1.423,0.095,176.1,208.9,210,287.3,5.7,62.7,republican,100.0791,28.39,
2002,9,177,1.422,0.095,176.5,209.4,210.3,287.7,5.7,63,republican,99.8169,29.66,
2002,10,177.3,1.449,0.091,176.4,209.7,210.9,289.2,5.7,62.7,republican,99.61893,28.84,
2002,11,177.4,1.448,0.089,176.9,210.4,211.8,290.5,5.9,62.5,republican,99.63525,26.35,
2002,12,177,1.394,0.089,177.1,210.8,212.5,291.3,6,62.4,republican,99.63249,29.46,
2003,1,177.7,1.473,0.089,177.1,211.5,213.1,292.6,5.8,62.5,republican,99.4389,32.95,
2003,2,179.2,1.641,0.089,178.1,211.6,213.6,293.7,5.9,62.5,republican,99.26718,35.83,
2003,3,180.3,1.748,0.089,178.4,211.5,214.4,294.2,5.9,62.4,republican,99.35738,33.51,
2003,4,179.8,1.659,0.091,178.5,211.6,215.2,294.6,6,62.4,republican,99.82829,28.17,
2003,5,179.4,1.542,0.092,178.8,212.6,216,295.5,6.1,62.3,republican,100.2926,28.11,
2003,6,179.6,1.514,0.097,179.7,212.6,216.6,296.3,6.3,62.3,republican,100.4619,30.66,
2003,7,179.6,1.524,0.098,179.8,213.2,217.1,297.6,6.2,62.1,republican,100.4644,30.76,
2003,8,180.3,1.628,0.098,180.5,213.6,217.1,298.4,6.1,62.1,republican,100.3674,31.57,
2003,9,181,1.728,0.098,180.9,214,217.2,299.2,6.1,62,republican,100.329,28.31,
2003,10,180.7,1.603,0.093,181.6,214.7,218.8,299.9,6,62.1,republican,100.4899,30.34,
2003,11,180.2,1.535,0.09,182.6,215.1,218.5,300.8,5.8,62.3,republican,100.807,31.11,
2003,12,179.9,1.494,0.09,183.5,215.5,218.2,302.1,5.7,62.2,republican,101.136,32.13,
2004,1,180.9,1.592,0.091,183.4,215.9,219.5,303.6,5.7,62.3,republican,101.4392,34.31,
2004,2,181.9,1.672,0.091,183.9,215.8,219.7,306,5.6,62.3,republican,101.3159,34.69,
2004,3,182.9,1.766,0.091,184.2,217,219.9,307.5,5.8,62.2,republican,101.1338,36.74,
2004,4,183.5,1.833,0.091,184.6,217.8,220,308.3,5.6,62.3,republican,100.948,36.75,
2004,5,184.7,2.009,0.093,186.1,218.5,219.7,309,5.6,62.3,republican,100.863,40.28,
2004,6,185.3,2.041,0.099,186.4,218.9,219.9,310,5.6,62.4,republican,101.0126,38.03,
2004,7,184.9,1.939,0.099,186.8,219.3,220.5,311,5.5,62.5,republican,101.1336,40.78,
2004,8,185,1.898,0.1,187,219.6,220.7,311.6,5.4,62.4,republican,101.1068,44.9,
2004,9,185.4,1.891,0.099,186.9,220.4,220.4,312.3,5.4,62.3,republican,100.9778,45.94,
2004,10,186.5,2.029,0.094,187.8,220.7,221.3,313.3,5.5,62.3,republican,100.8809,53.28,
2004,11,186.8,2.01,0.092,188.4,220.9,222.6,314.1,5.4,62.5,republican,100.9506,48.47,
2004,12,186,1.882,0.092,188.4,221.3,222.3,314.9,5.4,62.4,republican,101.0979,43.15,
2005,1,186.3,1.823,0.094,188.7,221.7,222.5,316.8,5.3,62.4,republican,101.082,46.84,hurrican katrina
2005,2,187.3,1.918,0.094,188.6,222.5,222.8,319.3,5.4,62.4,republican,100.913,48.15,
2005,3,188.6,2.065,0.094,189.1,223.7,223.6,320.7,5.2,62.4,republican,100.6639,54.19,
2005,4,190.2,2.283,0.095,190.4,223.7,224.5,321.5,5.2,62.7,republican,100.4594,52.98,
2005,5,190,2.216,0.097,190.6,223.8,225,322.2,5.1,62.8,republican,100.5331,49.83,
2005,6,190.1,2.176,0.104,190.5,224,225.5,322.9,5,62.7,republican,100.8047,56.35,
2005,7,191,2.316,0.105,190.9,224.6,225.9,324.1,5,62.8,republican,100.7032,59,
2005,8,192.1,2.506,0.105,191.1,224.9,226.7,323.9,4.9,62.9,republican,100.0613,64.99,
2005,9,195,2.927,0.106,191.5,224.6,227.4,324.6,5,62.8,republican,99.28107,65.59,
2005,10,195.2,2.785,0.102,192,225.8,227.4,326.2,5,62.8,republican,99.02786,62.26,
2005,11,193.4,2.343,0.102,192.6,226.5,228.1,328.1,5,62.7,republican,99.44749,58.32,
2005,12,192.5,2.186,0.102,192.9,227.1,228.2,328.4,4.9,62.8,republican,100.0736,59.41,
2006,1,194,2.315,0.108,193.6,227.5,229,329.5,4.7,62.9,republican,100.3561,65.49,bernanke becomes Fed chair
2006,2,194.2,2.31,0.108,193.7,228.3,229.2,332.1,4.8,63,republican,100.3033,61.63,
2006,3,195.3,2.401,0.109,194,229.3,229.3,333.8,4.7,63.1,republican,100.1607,62.69,
2006,4,197.2,2.757,0.109,193.8,230.1,229.9,334.7,4.7,63,republican,99.88768,69.44,
2006,5,198.2,2.947,0.11,194.1,231,230.8,335.6,4.6,63.1,republican,99.58164,70.84,
2006,6,198.6,2.917,0.118,194.7,231.9,231.2,336,4.6,63.1,republican,99.5591,70.95,
2006,7,199.2,2.999,0.118,195.2,232.7,231.4,337,4.7,63,republican,99.59834,74.41,
2006,8,199.6,2.985,0.118,195.7,233.5,231.6,337.7,4.7,63.1,republican,99.70499,73.04,
2006,9,198.4,2.589,0.118,196.3,234,232,338.3,4.5,63.1,republican,100.0471,63.8,
2006,10,197,2.272,0.112,196.9,235,232.1,339.3,4.4,63.3,republican,100.5028,58.89,
2006,11,196.8,2.241,0.11,197,235.8,231.3,340.1,4.5,63.3,republican,100.7535,59.08,
2006,12,197.2,2.334,0.11,197.1,236.5,231.3,340.1,4.4,63.4,republican,100.8787,61.96,
2007,1,197.559,2.274,0.113,198.378,237.255,232.078,343.51,4.6,63.3,republican,100.9135,54.51,banking crisis
2007,2,198.544,2.285,0.113,199.736,238.107,232.56,346.457,4.5,63.3,republican,100.6714,59.28,
2007,3,200.612,2.592,0.113,200.432,238.538,232.712,347.172,4.4,63.3,republican,100.3764,60.44,
2007,4,202.13,2.86,0.113,200.952,239.14,232.592,348.225,4.5,63,republican,100.1876,63.98,
2007,5,203.661,3.13,0.115,201.735,239.637,232.026,349.087,4.4,63,republican,100.1222,63.46,
2007,6,203.906,3.052,0.122,202.557,240.345,232.609,349.51,4.6,63,republican,100.0781,67.49,
2007,7,203.7,2.961,0.122,203.232,240.843,233.398,351.643,4.7,62.9,republican,100.053,74.12,
2007,8,203.199,2.782,0.121,204.008,241.45,233.683,352.961,4.6,62.7,republican,99.80431,72.36,
2007,9,203.889,2.789,0.121,205.003,242.037,234.566,353.723,4.7,62.9,republican,99.52752,79.92,
2007,10,204.338,2.793,0.117,205.651,242.581,235.382,355.653,4.7,62.7,republican,99.20799,85.8,
2007,11,205.891,3.069,0.115,206.493,243.305,236.226,357.041,4.7,62.9,republican,98.8979,94.77,
2007,12,205.777,3.02,0.115,206.874,243.979,236.971,357.661,5,62.7,republican,98.71545,91.69,
2008,1,206.744,3.047,0.116,208.126,244.564,238.17,360.459,5,62.9,republican,98.54008,92.97,financial crisis
2008,2,207.254,3.033,0.116,208.901,244.926,238.521,362.155,4.9,62.8,republican,98.11803,95.39,
2008,3,209.147,3.258,0.116,209.324,245.659,240.136,363,5.1,62.7,republican,97.6092,105.45,
2008,4,210.698,3.441,0.118,211.127,245.608,240.542,363.184,5,62.7,republican,97.03564,112.58,
2008,5,212.788,3.764,0.12,212.019,245.902,242.568,363.396,5.4,62.5,republican,96.62384,125.4,
2008,6,215.223,4.065,0.128,213.333,246.406,244.987,363.616,5.6,62.4,republican,96.49434,133.88,
2008,7,216.304,4.09,0.131,215.434,246.863,246.46,363.963,5.8,62.2,republican,96.71486,133.37,
2008,8,215.247,3.786,0.132,216.528,247.208,247.814,364.477,6.1,62,republican,96.99424,116.67,
2008,9,214.935,3.698,0.13,217.768,247.723,248.058,365.036,6.1,61.9,republican,97.07681,104.11,
2008,10,212.182,3.173,0.126,218.667,247.995,247.806,365.746,6.5,61.7,republican,96.69362,76.61,
2008,11,207.296,2.151,0.123,219.07,248.486,246.832,366.613,6.8,61.4,republican,96.41502,57.31,
2008,12,204.813,1.689,0.124,219.073,248.508,246.695,367.133,7.3,61,republican,96.40691,41.12,
2009,1,205.7,1.787,0.126,219.234,248.963,247.831,369.83,7.8,60.6,republican,96.41473,41.71,great recession
2009,2,206.708,1.928,0.126,218.949,249.087,248.703,372.405,8.3,60.3,democrat,96.38647,39.09,
2009,3,207.218,1.949,0.126,218.51,249.36,248.454,373.189,8.7,59.9,democrat,96.6057,47.94,
2009,4,207.925,2.056,0.125,218.175,249.579,249.081,374.17,9,59.8,democrat,97.09221,49.65,
2009,5,208.774,2.265,0.126,217.813,249.643,248.895,375.026,9.4,59.6,democrat,97.51083,59.03,
2009,6,210.972,2.631,0.132,217.813,249.492,248.503,375.093,9.5,59.4,democrat,97.68415,69.64,
2009,7,210.526,2.543,0.131,217.387,249.149,250.113,375.739,9.5,59.3,democrat,97.63506,64.15,
2009,8,211.156,2.627,0.13,217.376,249.519,251.503,376.537,9.6,59.1,democrat,97.6825,71.05,
2009,9,211.322,2.574,0.13,217.258,249.415,253.01,377.727,9.8,58.7,democrat,97.87556,69.41,
2009,10,211.549,2.561,0.126,217.452,249.643,254.501,378.552,10,58.5,democrat,97.90775,75.72,
2009,11,212.003,2.66,0.124,217.581,249.211,255.701,379.575,9.9,58.6,democrat,97.92298,77.99,
2009,12,211.703,2.621,0.124,217.904,249.219,256.28,379.516,9.9,58.3,democrat,98.11201,74.47,
2010,1,212.568,2.731,0.124,218.489,248.034,256.323,382.688,9.8,58.5,democrat,98.28725,78.33,
2010,2,212.544,2.659,0.123,218.552,247.997,257.05,385.907,9.8,58.5,democrat,98.34697,76.39,
2010,3,213.525,2.78,0.125,218.99,247.914,257.804,387.142,9.9,58.5,democrat,98.34361,81.2,
2010,4,213.958,2.858,0.126,219.209,247.959,258.306,387.703,9.9,58.7,democrat,98.32148,84.29,
2010,5,214.124,2.869,0.127,219.331,248.128,258.969,387.762,9.6,58.6,democrat,98.3201,73.74,
2010,6,213.839,2.736,0.132,219.285,248.295,259.454,388.199,9.4,58.5,democrat,98.21707,75.34,
2010,7,213.898,2.736,0.133,219.234,248.43,260.122,387.898,9.4,58.5,democrat,97.90874,76.32,
2010,8,214.205,2.745,0.133,219.48,248.43,260.643,388.467,9.5,58.6,democrat,97.72069,76.6,
2010,9,214.306,2.704,0.132,220.219,248.568,260.968,390.616,9.5,58.5,democrat,97.66563,75.24,
2010,10,214.623,2.795,0.127,220.521,248.692,261.804,391.24,9.4,58.3,democrat,97.77232,81.89,
2010,11,214.75,2.852,0.125,220.946,248.993,263.061,391.66,9.8,58.2,democrat,98.05103,84.25,
2010,12,215.262,2.985,0.125,221.215,249.284,263.509,391.946,9.3,58.3,democrat,98.32274,89.15,
2011,1,216.4,3.091,0.125,222.469,249.621,265.218,393.858,9.1,58.3,democrat,98.44002,89.17,
2011,2,217.535,3.167,0.125,223.504,249.924,266.083,397.065,9,58.4,democrat,98.38689,88.58,
2011,3,220.024,3.546,0.127,225.213,250.158,267.278,397.726,9,58.4,democrat,98.12304,102.86,
2011,4,221.743,3.816,0.127,226.072,250.412,266.841,398.813,9.1,58.4,democrat,98.05978,109.53,
2011,5,222.954,3.933,0.129,226.94,250.66,266.384,399.375,9,58.3,democrat,98.04277,100.9,
2011,6,222.522,3.702,0.134,227.515,251.178,267.114,399.552,9.1,58.2,democrat,97.70998,96.26,
2011,7,222.686,3.654,0.135,228.482,251.834,268.279,400.305,9,58.2,democrat,97.08512,97.3,
2011,8,223.326,3.63,0.135,229.634,252.329,270.018,400.874,9,58.3,democrat,96.55177,86.33,
2011,9,223.688,3.612,0.135,230.682,252.668,270.277,401.605,9,58.4,democrat,96.47901,85.52,
2011,10,223.043,3.468,0.13,230.899,253.184,269.736,403.43,8.8,58.4,democrat,96.72993,86.32,
2011,11,222.813,3.423,0.128,231.118,253.619,268.838,404.858,8.6,58.6,democrat,97.20837,97.16,
2011,12,222.166,3.278,0.127,231.557,254.15,270.087,405.629,8.5,58.6,democrat,97.80019,98.56,
2012,1,223.216,3.399,0.128,232.213,254.512,270.785,408.056,8.3,58.4,democrat,98.30472,100.27,iran threatened straits of hormuz
2012,2,224.317,3.572,0.128,232.14,254.951,270.387,410.466,8.3,58.5,democrat,98.58599,102.2,
2012,3,226.304,3.868,0.127,232.591,255.474,271.216,411.498,8.2,58.5,democrat,98.72154,106.16,
2012,4,227.012,3.927,0.127,233.044,256.056,271.231,412.48,8.2,58.4,democrat,98.75953,103.32,
2012,5,226.6,3.792,0.129,233.219,256.451,270.678,413.655,8.2,58.5,democrat,98.69852,94.66,
2012,6,226.036,3.552,0.135,233.683,256.813,270.582,415.345,8.2,58.6,democrat,98.47507,82.3,
2012,7,225.568,3.451,0.133,233.845,257.153,272.538,416.759,8.2,58.5,democrat,98.39635,87.9,
2012,8,227.056,3.707,0.133,234.244,257.647,274.349,417.123,8.1,58.4,democrat,98.58199,94.13,
2012,9,228.184,3.856,0.133,234.404,258.233,275.08,418.039,7.8,58.7,democrat,98.92767,94.51,
2012,10,227.974,3.786,0.128,234.843,258.816,275.312,418.359,7.8,58.8,democrat,99.17555,89.49,
2012,11,226.595,3.488,0.127,235.253,259.216,275.043,418.653,7.7,58.7,democrat,99.08114,86.53,
2012,12,225.889,3.331,0.127,235.677,259.644,277.493,418.654,7.9,58.7,democrat,98.71616,87.86,
2013,1,226.52,3.351,0.129,236.011,260.142,278.81,420.687,8,58.6,democrat,98.57584,94.76,
2013,2,228.677,3.693,0.129,235.992,260.719,278.755,423.221,7.7,58.6,democrat,98.68839,95.31,
2013,3,229.323,3.735,0.128,236.213,261.176,279.821,424.154,7.5,58.5,democrat,98.87072,92.94,
2013,4,228.949,3.59,0.128,236.655,261.679,278.226,423.815,7.6,58.6,democrat,99.10258,92.02,
2013,5,229.399,3.623,0.131,236.454,262.263,276.98,422.834,7.5,58.6,democrat,99.4724,94.51,
2013,6,230.002,3.633,0.137,236.98,262.797,277.127,424.264,7.5,58.6,democrat,99.6636,95.77,
2013,7,230.084,3.628,0.137,237.184,263.239,280.653,424.836,7.3,58.7,democrat,99.6224,104.67,
2013,8,230.359,3.6,0.137,237.451,263.86,281.178,426.866,7.2,58.7,democrat,99.31536,106.57,
2013,9,230.537,3.556,0.137,237.519,264.321,281.835,428.026,7.2,58.7,democrat,98.89875,106.29,
2013,10,229.735,3.375,0.132,237.75,264.684,282.24,428.082,7.2,58.3,democrat,98.64119,100.54,
2013,11,229.133,3.251,0.13,237.947,265.496,282.36,427.74,6.9,58.6,democrat,98.75105,93.86,
2013,12,229.174,3.277,0.131,238.182,266.228,282.523,427.089,6.7,58.7,democrat,99.0831,97.63,
2014,1,230.04,3.32,0.134,238.492,266.892,281.981,429.621,6.6,58.8,democrat,99.27211,94.62,the dollar rose 15%
2014,2,230.871,3.364,0.134,239.408,267.481,282.418,432.769,6.7,58.7,democrat,99.34875,100.82,
2014,3,232.56,3.532,0.135,240.447,268.287,283.316,433.369,6.7,58.9,democrat,99.38402,100.8,
2014,4,233.443,3.659,0.131,241.241,268.923,284.251,434.054,6.2,58.9,democrat,99.46387,102.07,
2014,5,234.216,3.691,0.136,242.408,269.715,285.256,434.874,6.3,58.9,democrat,99.44897,102.18,
2014,6,234.702,3.695,0.143,242.646,270.149,285.874,435.352,6.1,59,democrat,99.42009,105.79,
2014,7,234.525,3.633,0.143,243.235,270.891,285.695,435.924,6.2,59,democrat,99.41114,103.59,
2014,8,234.03,3.481,0.143,243.792,271.493,285.611,435.777,6.1,59,democrat,99.51493,96.54,
2014,9,234.17,3.403,0.141,244.48,272.118,285.777,436.575,5.9,59.1,democrat,99.73842,93.21,
2014,10,233.229,3.182,0.136,244.866,272.73,287.239,437.027,5.7,59.3,democrat,100.0526,84.4,
2014,11,231.551,2.887,0.134,245.394,273.436,288.224,438.445,5.8,59.2,democrat,100.4381,75.79,
2014,12,229.909,2.56,0.135,246.237,273.997,287.5,439.72,5.6,59.3,democrat,100.8656,59.29,
2015,1,228.294,2.11,0.138,246.197,274.762,287.871,440.969,5.7,59.3,democrat,101.1536,47.22,u.s. shale oil increased
2015,2,229.421,2.249,0.138,246.495,275.47,288.461,442.783,5.5,59.2,democrat,101.1561,50.58,
2015,3,231.055,2.483,0.136,246.072,276.258,288.812,444.02,5.4,59.2,democrat,101.0509,47.82,
2015,4,231.52,2.485,0.137,246.002,277.003,288.928,446.663,5.4,59.3,democrat,100.9912,54.45,
2015,5,232.908,2.775,0.137,246.239,277.524,289.96,447.213,5.6,59.4,democrat,100.9036,59.27,
2015,6,233.804,2.832,0.143,246.937,278.284,290.914,446.271,5.3,59.4,democrat,100.919,59.82,
2015,7,233.806,2.832,0.142,247.157,279.329,291.671,446.773,5.2,59.3,democrat,100.794,50.9,
2015,8,233.366,2.679,0.142,247.742,279.921,291.638,446.536,5.1,59.4,democrat,100.5875,42.87,
2015,9,232.661,2.394,0.141,248.492,280.737,291.907,447.289,5,59.2,democrat,100.4014,45.48,
2015,10,232.373,2.289,0.136,248.755,281.429,292.578,450.065,5,59.3,democrat,100.4333,46.22,
2015,11,231.721,2.185,0.134,248.525,282.129,294.481,451.371,5.1,59.4,democrat,100.5603,42.44,
2015,12,230.791,2.06,0.133,248.206,282.779,295.147,451.072,5,59.6,democrat,100.666,37.19,
2016,1,231.061,1.967,0.134,248.353,283.714,295.589,454.175,4.8,59.7,democrat,100.6803,31.68,dollar fell
2016,2,230.972,1.767,0.134,248.606,284.502,295.617,458.295,4.9,59.8,democrat,100.6396,30.32,
2016,3,232.209,1.958,0.134,248.029,285.122,296.485,458.62,5,59.8,democrat,100.5962,37.55,
2016,4,233.438,2.134,0.134,248.235,285.853,298.876,459.994,5.1,59.7,democrat,100.6202,40.75,
2016,5,234.436,2.264,0.133,247.856,286.855,299.736,461.23,4.8,59.7,democrat,100.7536,46.71,
2016,6,235.289,2.363,0.138,247.683,287.819,300.527,462.075,4.9,59.7,democrat,100.7296,48.76,
2016,7,234.771,2.225,0.139,247.658,288.524,300.422,464.164,4.8,59.8,democrat,100.5697,44.65,
2016,8,234.904,2.155,0.139,247.746,289.367,300.347,468.379,4.9,59.8,democrat,100.4543,44.72,
2016,9,235.495,2.208,0.139,247.772,290.369,299.937,469.154,5,59.7,democrat,100.4334,45.18,
2016,10,235.732,2.243,0.134,247.812,291.378,300.301,469.23,4.9,59.7,democrat,100.5172,49.78,
2016,11,235.215,2.187,0.131,247.741,292.227,301.747,469.333,4.7,59.7,democrat,100.8759,45.66,
2016,12,235.39,2.23,0.133,247.725,293.066,303.421,469.447,4.7,59.7,democrat,101.2436,51.97,
2017,1,236.854,2.351,0.134,248.065,293.769,305.057,471.7,4.7,59.9,democrat,101.4051,52.5,opec cut oil supply to keep prices stable
2017,2,237.477,2.299,0.135,248.735,294.543,306.293,474.546,4.6,60,republican,101.3917,53.47,
2017,3,237.656,2.323,0.134,249.244,295.012,307.092,474.561,4.4,60.2,republican,101.3584,49.33,
2017,4,238.432,2.418,0.135,249.589,295.741,307.57,473.582,4.4,60.2,republican,101.3152,51.06,
2017,5,238.609,2.386,0.137,249.972,296.461,308.569,473.512,4.4,60.1,republican,101.2377,48.48,
2017,6,238.813,2.337,0.142,249.77,297.215,309.612,474.36,4.3,60.1,republican,101.1224,45.18,
2017,7,238.617,2.281,0.143,250.185,297.676,310.184,476.126,4.3,60.2,republican,101.0777,46.63,
2017,8,239.448,2.374,0.142,250.469,298.904,311.071,476.869,4.4,60.1,republican,101.1828,48.04,
2017,9,240.939,2.63,0.142,250.826,299.711,311.749,476.485,4.3,60.4,republican,101.3144,49.82,
2017,10,240.573,2.484,0.137,251.048,300.814,312.971,477.121,4.2,60.1,republican,101.4774,51.58,
2017,11,240.666,2.548,0.136,251.195,301.43,313.678,477.198,4.2,60.1,republican,101.4555,56.64,
2017,12,240.526,2.459,0.136,251.716,302.428,314.938,477.802,4.1,60.1,republican,101.3656,57.88,
2018,1,241.919,2.539,0.135,252.253,303.205,317.318,481.06,4,60.2,republican,101.3975,63.7,
2018,2,242.988,2.575,0.135,252.248,303.769,320.119,482.897,4.1,60.4,republican,101.5712,62.23,
2018,3,243.463,2.572,0.135,252.412,304.799,320.37,483.984,4,60.4,republican,101.679,62.73,
2018,4,244.607,2.737,0.134,253.016,305.689,320.195,484.034,4,60.4,republican,101.6248,66.25,
2018,5,245.77,2.907,0.136,253.018,306.798,320.55,484.853,3.8,60.5,republican,101.5332,69.98,
2018,6,246.196,2.914,0.139,253.278,307.204,321.379,486.019,4,60.4,republican,101.4714,67.87,
2018,7,246.155,2.873,0.139,253.673,308.049,322.359,485.193,3.8,60.5,republican,101.4379,70.98,
2018,8,246.336,2.862,0.139,254.034,308.979,322.931,484.172,3.8,60.3,republican,101.4499,68.06,
2018,9,246.565,2.873,0.138,254.283,309.551,324.054,484.708,3.7,60.4,republican,101.5387,70.23,
2018,10,247.038,2.887,0.136,254.081,310.426,324.382,485.269,3.8,60.5,republican,101.5197,70.75,
2018,11,245.933,2.671,0.134,254.75,311.279,323.898,486.886,3.8,60.5,republican,101.4034,56.96,
2018,12,244.786,2.414,0.135,255.673,312.194,323.706,487.409,3.9,60.6,republican,101.2219,49.52,
2019,1,245.133,2.289,0.135,256.381,313.004,323.775,490.204,4,60.6,republican,101.0046,51.38,
2019,2,246.218,2.353,0.136,257.233,314.017,323.675,491.227,3.8,60.8,republican,101.0623,54.95,
2019,3,247.768,2.564,0.135,257.752,315.069,323.817,492.306,3.8,60.7,republican,101.2942,58.15,
2019,4,249.332,2.835,0.135,257.479,316.199,324.143,493.331,3.6,60.6,republican,101.4642,63.86,
2019,5,249.871,2.901,0.136,258.008,317.051,324.229,494.928,3.6,60.6,republican,101.5577,60.83,
2019,6,249.747,2.752,0.139,258.043,317.953,324.647,495.563,3.6,60.7,republican,101.458,54.66,
2019,7,250.236,2.776,0.14,258.144,318.734,324.417,497.687,3.7,60.8,republican,101.2113,57.35,
2019,8,250.112,2.655,0.139,258.329,319.332,325.854,500.916,3.7,60.8,republican,100.8964,54.81,
2019,9,250.251,2.63,0.139,258.88,320.419,326.369,501.468,3.5,60.9,republican,100.8964,56.95,
2019,10,250.894,2.673,0.136,259.371,320.861,326.608,506.1,3.6,60.9,republican,101.1121,53.96,
2019,11,250.644,2.62,0.133,259.902,321.629,326.042,507.541,3.6,61,republican,101.3979,57.03,
2019,12,250.452,2.587,0.133,260.274,322.306,325.33,509.689,3.6,61,republican,101.6401,59.88,
2020,1,251.361,2.567,0.134,261.097,323.435,326.407,512.149,3.5,61.1,republican,101.6384,57.52,pandemic reduced demand
2020,2,251.935,2.465,0.134,261.912,324.419,328.251,513.923,3.5,61.2,republican,101.1832,50.54,
2020,3,251.375,2.267,0.134,262.734,324.535,322.298,515.605,4.4,59.9,republican,100.122,29.21,
2020,4,249.515,1.876,0.133,266.505,324.453,306.702,517.053,14.7,51.3,republican,98.96767,16.55,
2020,5,249.521,1.879,0.134,268.326,325.164,296.13,519.194,13.2,52.8,republican,98.43596,28.56,
2020,6,251.054,2.076,0.137,269.656,325.495,302.027,520.734,11,54.7,republican,98.38302,38.31,
2020,7,252.636,2.176,0.137,268.657,326.193,311.591,522.686,10.2,55.2,republican,98.40141,40.71,
2020,8,253.597,2.177,0.137,268.958,326.674,312.568,523.295,8.4,56.5,republican,98.616,42.34,
2020,9,254.004,2.193,0.137,269.124,326.988,309.632,522.528,7.9,56.6,republican,98.94821,39.63,
2020,10,254.076,2.159,0.135,269.557,327.389,309.817,520.725,6.9,57.4,republican,99.10635,39.4,
2020,11,253.826,2.09,0.136,269.563,327.774,314.38,519.848,6.7,57.4,republican,99.06053,40.94,
2020,12,254.081,2.168,0.136,270.469,328.229,313.684,518.766,6.7,57.4,republican,99.06379,47.02,
2021,1,255.296,2.326,0.136,271.035,328.593,312.822,522.133,6.4,57.5,republican,99.07027,52,
2021,2,256.843,2.496,0.137,271.429,329.121,314.161,524.207,6.2,57.6,democrat,99.2187,59.04,
2021,3,258.935,2.791,0.138,271.861,330.033,317.453,524.734,6,57.8,democrat,99.60821,62.33,
2021,4,261.237,2.839,0.139,272.827,331.272,324.366,524.585,6,57.9,democrat,99.868,61.72,
2021,5,263.612,2.972,0.14,274.092,332.321,329.721,523.918,5.8,58,democrat,99.80549,65.17,
2021,6,266.412,3.154,0.142,276.067,333.807,333.374,522.989,5.9,58,democrat,99.58214,71.38,
2021,7,267.789,3.233,0.143,277.877,335.262,330.441,524.219,5.4,58.4,democrat,99.08414,72.49,
2021,8,268.387,3.255,0.144,278.969,335.888,326.47,525.247,5.2,58.5,democrat,98.47887,67.73,
2021,9,269.086,3.265,0.144,281.468,337.298,323.329,524.818,4.7,58.8,democrat,98.162,71.65,
2021,10,271.552,3.385,0.142,283.912,338.865,323.995,527.564,4.6,58.9,democrat,97.96647,81.48,
2021,11,273.042,3.482,0.142,286.05,340.475,326.256,528.877,4.2,59.3,democrat,97.79956,79.15,
2021,12,273.925,3.408,0.142,287.44,341.963,326.397,530.026,3.9,59.5,democrat,97.69759,71.71,
2022,1,276.296,3.413,0.147,289.959,342.974,329.726,535.048,4,59.7,democrat,97.44188,83.22,
2022,2,278.943,3.592,0.148,292.912,344.758,334.305,536.932,3.8,59.9,democrat,97.07075,91.64,
